ticker,date,nt_fund_code,nt_currency,nt_gti_code,exchange_name,nt_country_name,nt_bloomberg_code,nt_bloomberg_id,nt_quantity,price
ZOZO INC,2024-02-22,NGT6144,JPY,S01,TOKYO,JAPAN,3092 JT,BBG000TW0FS3,28500,10194.0
SHERWIN-WILLIAMS CO/THE,2024-02-22,NGT2754,USD,S01,N.Y.S.E.,UNITED-STATES (U.S.A.),SHW UN,BBG000BSXT78,11547,942.87
BUILDERS FIRSTSOURCE INC,2024-02-22,NGT2754,USD,S01,N.Y.S.E.,UNITED-STATES (U.S.A.),BLDR UN,BBG000BKD5G9,3843,550.98
ALCON INC,2024-02-22,NGT2754,CHF,S01,SIX Swiss Exchange,SWITZERLAND,ALC SE,BBG00NPWGYL6,24876,207.3
FACTSET RESEARCH SYSTEMS INC,2024-02-22,NGT2754,USD,S01,N.Y.S.E.,UNITED-STATES (U.S.A.),FDS UN,BBG000BDJMS9,4371,1360.05
SAGE GROUP PLC/THE,2024-02-22,NGT2754,GBP,S01,LSE SETS,GREAT-BRITAIN,SGE LN,BBG000BN0PP3,176976,35.235
PAYLOCITY HOLDING CORP,2024-02-22,NGT2754,USD,S01,NASDAQ (NMS NATIONAL MKT SYST),UNITED-STATES (U.S.A.),PCTY UW,BBG0065997T5,4161,520.35
LKQ CORP,2024-02-22,NGT2754,USD,S01,NASDAQ (NMS NATIONAL MKT SYST),UNITED-STATES (U.S.A.),LKQ UW,BBG000PXDRY8,50337,150.96
HENKEL AG & CO KGAA VOR-PREF,2024-02-22,NGT2754,EUR,S09,XETRA FRANKFURT,GERMANY,HEN3 GY,BBG000BC3BJ2,8019,213.78
TESLA INC,2024-02-22,NGT2754,USD,S01,NASDAQ (NMS NATIONAL MKT SYST),UNITED-STATES (U.S.A.),TSLA UW,BBG000N9P426,37029,584.31
TOBU RAILWAY CO LTD,2024-02-22,NGT2754,JPY,S01,TOKYO,JAPAN,9001 JT,BBG000BGYRL1,38400,11469.0
ELEVANCE HEALTH INC,2024-02-22,NGT2754,USD,S01,N.Y.S.E.,UNITED-STATES (U.S.A.),ELV UN,BBG000BCGBK6,6165,1528.14
SYSMEX CORP,2024-02-22,NGT2754,JPY,S01,TOKYO,JAPAN,6869 JT,BBG000C2SFJ7,16500,23670.0
IGO LTD,2024-02-22,NGT2754,AUD,S01,AUSTRALIAN S.E.,AUSTRALIA,IGO AT,BBG000BB1C77,101559,21.18
PNC FINANCIAL SERVICES GROUP,2024-02-22,NGT2754,USD,S01,N.Y.S.E.,UNITED-STATES (U.S.A.),PNC UN,BBG000BRD2F2,22716,439.71
QBE INSURANCE GROUP LTD,2024-02-22,NGT2754,AUD,S01,AUSTRALIAN S.E.,AUSTRALIA,QBE AT,BBG000BB1VZ4,73614,50.43
RB GLOBAL INC,2024-02-22,NGT2754,CAD,S01,TSX Toronto Stock Exchange,CANADA,RBA CT,BBG000G0LP57,8370,270.09
ARGENX SE,2024-02-22,NGT2754,EUR,S01,EURONEXT BRUSSELS,NETHERLANDS,ARGX BB,BBG006MF2DW2,1707,1109.7
HUNT (JB) TRANSPRT SVCS INC,2024-02-22,NGT2754,USD,S01,NASDAQ (NMS NATIONAL MKT SYST),UNITED-STATES (U.S.A.),JBHT UW,BBG000BMDQK4,10440,609.54
SONY GROUP CORP,2024-02-22,NGT2754,JPY,S01,TOKYO,JAPAN,6758 JT,BBG000C26FH3,35100,39555.0
ADOBE INC,2024-02-22,NGT2754,USD,S01,NASDAQ (NMS NATIONAL MKT SYST),UNITED-STATES (U.S.A.),ADBE UW,BBG000BB5BP5,10533,1615.56
FIDELITY NATIONAL INFO SERV,2024-02-22,NGT2754,USD,S01,N.Y.S.E.,UNITED-STATES (U.S.A.),FIS UN,BBG000BK2H93,21615,190.35
SVENSKA CELLULOSA AB SCA-B,2024-02-22,NGT2754,SEK,S01,STOCKHOLM,SWEDEN,SCAB SS,BBG000BCCG29,42051,428.7
JULIUS BAER GROUP LTD,2024-02-22,NGT2754,CHF,S01,SIX Swiss Exchange,SWITZERLAND,BAER SE,BBG00HCY7SK3,9183,144.33
RIVIAN AUTOMOTIVE INC-A,2024-02-22,NGT2754,USD,S01,NASDAQ (NMS NATIONAL MKT SYST),UNITED-STATES (U.S.A.),RIVN UW,BBG00741Y1N2,41346,46.17
BECTON DICKINSON AND CO,2024-02-22,NGT2754,USD,S01,N.Y.S.E.,UNITED-STATES (U.S.A.),BDX UN,BBG000BD00Y0,20232,735.96
DHL GROUP,2024-02-22,NGT2754,EUR,S01,XETRA FRANKFURT,GERMANY,DHL GY,BBG000LW3NX5,9060,129.3
OMRON CORP,2024-02-22,NGT2754,JPY,S01,TOKYO,JAPAN,6645 JT,BBG000BGJDG5,38100,17187.0
CARL ZEISS MEDITEC AG - BR,2024-02-22,NGT2754,EUR,S01,XETRA FRANKFURT,GERMANY,AFX GY,BBG000C7X5F6,2193,330.75
DEXUS/AU,2024-02-22,NGT2754,AUD,S62,AUSTRALIAN S.E.,AUSTRALIA,DXS AT,BBG011KHG491,187734,22.41
PPG INDUSTRIES INC,2024-02-22,NGT2754,USD,S01,N.Y.S.E.,UNITED-STATES (U.S.A.),PPG UN,BBG000BRJ952,18705,427.95
METRO INC/CN,2024-02-22,NGT2754,CAD,S01,TSX Toronto Stock Exchange,CANADA,MRU CT,BBG000BZNTN5,50670,213.66
TERNA-RETE ELETTRICA NAZIONA,2024-02-22,NGT2754,EUR,S01,EURONEXT MILAN,ITALY,TRN IM,BBG000BBM454,297510,22.62
COOPER COS INC/THE,2024-02-22,NGT2754,USD,S01,NASDAQ (NMS NATIONAL MKT SYST),UNITED-STATES (U.S.A.),COO UW,BBG000BG3445,34884,294.24
IQVIA HOLDINGS INC,2024-02-22,NGT2754,USD,S01,N.Y.S.E.,UNITED-STATES (U.S.A.),IQV UN,BBG0044K3GK1,17358,711.84
TDK CORP,2024-02-22,NGT6144,JPY,S01,TOKYO,JAPAN,6762 JT,BBG000C26MZ8,27900,23139.0
TORO CO,2024-02-22,NGT6144,USD,S01,N.Y.S.E.,UNITED-STATES (U.S.A.),TTC UN,BBG000BVQTN1,6627,279.27
FOX CORP - CLASS A,2024-02-22,NGT6144,USD,S01,NASDAQ (NMS NATIONAL MKT SYST),UNITED-STATES (U.S.A.),FOXA UW,BBG00JHNJWT7,23877,89.85
MOODYS CORP,2024-02-22,NGT6144,USD,S01,N.Y.S.E.,UNITED-STATES (U.S.A.),MCO UN,BBG000F86JD3,78408,2.55
SEIKO EPSON CORP,2024-02-22,NGT6144,JPY,S01,TOKYO,JAPAN,6724 JT,BBG000PRVGV8,44700,7284.0
ELECTRONIC ARTS INC,2024-02-22,NGT6144,USD,S01,NASDAQ (NMS NATIONAL MKT SYST),UNITED-STATES (U.S.A.),EA UW,BBG000BP0WH2,15810,423.51
FISERV INC,2024-02-22,NGT6144,USD,S01,N.Y.S.E.,UNITED-STATES (U.S.A.),FI UN,BBG000BJL0P4,26385,442.92
WATERS CORP,2024-02-22,NGT6144,USD,S01,N.Y.S.E.,UNITED-STATES (U.S.A.),WAT UN,BBG000FQRY65,9891,988.56
TEMENOS AG - REG,2024-02-22,NGT6144,CHF,S01,SIX Swiss Exchange,SWITZERLAND,TEMN SE,BBG000DDXJG1,6354,184.26
CROWN CASTLE INC,2024-02-22,NGT6144,USD,S62,N.Y.S.E.,UNITED-STATES (U.S.A.),CCI UN,BBG000FV22P0,24603,323.07
FRANKLIN RESOURCES INC,2024-02-22,NGT6144,USD,S01,N.Y.S.E.,UNITED-STATES (U.S.A.),BEN UN,BBG000BD0WB5,55413,81.18
SWEDISH ORPHAN BIOVITRUM AB,2024-02-22,NGT6144,SEK,S01,STOCKHOLM,SWEDEN,SOBI SS,BBG000C3YBT6,8181,794.4
GENERAL MILLS INC,2024-02-22,NGT6144,USD,S01,N.Y.S.E.,UNITED-STATES (U.S.A.),GIS UN,BBG000BKCHJ1,54081,196.83
BT GROUP PLC,2024-02-22,NGT6144,GBP,S01,LSE SETS,GREAT-BRITAIN,BT/A LN,BBG000C05R82,362496,3.258
GPT GROUP,2024-02-22,NGT6144,AUD,S62,AUSTRALIAN S.E.,AUSTRALIA,GPT AT,BBG000BBTGL2,346059,13.17
CORP ACCIONA ENERGIAS RENOVA,2024-02-22,NGT6144,EUR,S01,SIBE MERCADO CONTINUO,SPAIN,ANE SQ,BBG003QR20L9,13419,61.8
COLES GROUP LTD,2024-02-22,NGT6144,AUD,S01,AUSTRALIAN S.E.,AUSTRALIA,COL AT,BBG00MK2SRN9,86994,46.05
WELLTOWER INC,2024-02-22,NGT6144,USD,S62,N.Y.S.E.,UNITED-STATES (U.S.A.),WELL UN,BBG000BKY3S8,36480,282.75
PRUDENTIAL FINANCIAL INC,2024-02-22,NGT6144,USD,S01,N.Y.S.E.,UNITED-STATES (U.S.A.),PRU UN,BBG000HCJQY9,44403,322.98
METTLER-TOLEDO INTERNATIONAL,2024-02-22,NGT6144,USD,S01,N.Y.S.E.,UNITED-STATES (U.S.A.),MTD UN,BBG000BZCP64,2763,3581.67
ESSITY AKTIEBOLAG-B,2024-02-22,NGT6144,SEK,S01,STOCKHOLM,SWEDEN,ESSITYB SS,BBG00GV10DH0,17283,730.8
UNITED RENTALS INC,2024-02-22,NGT6144,USD,S01,N.Y.S.E.,UNITED-STATES (U.S.A.),URI UN,BBG000BXMGQ6,5811,1934.67
FERGUSON PLC,2024-02-22,NGT6144,USD,S01,N.Y.S.E.,GREAT-BRITAIN,FERG UN,BBG00P5M4V43,7206,605.43
MONCLER SPA,2024-02-22,NGT6144,EUR,S01,EURONEXT MILAN,ITALY,MONC IM,BBG001MCDSD6,21891,188.76
CUMMINS INC,2024-02-22,NGT6144,USD,S01,N.Y.S.E.,UNITED-STATES (U.S.A.),CMI UN,BBG000BGPXY4,1161,789.57
NORTHERN TRUST CORP,2024-02-22,NGT6144,USD,S01,NASDAQ (NMS NATIONAL MKT SYST),UNITED-STATES (U.S.A.),NTRS UW,BBG000BQ7GH8,23370,239.67
POSTE ITALIANE SPA,2024-02-22,NGT6144,EUR,S01,EURONEXT MILAN,ITALY,PST IM,BBG009S5S6L1,56928,30.525
UNICHARM CORP,2024-02-22,NGT6144,JPY,S01,TOKYO,JAPAN,8113 JT,BBG000BDJHD6,39600,15690.0
REDEIA CORP SA,2024-02-22,NGT6144,EUR,S01,SIBE MERCADO CONTINUO,SPAIN,RED SQ,BBG000C2V4T7,84525,45.075
TRAVELERS COS INC/THE,2024-02-22,NGT6144,USD,S01,N.Y.S.E.,UNITED-STATES (U.S.A.),TRV UN,BBG000BJ82Q4,21414,658.44
COCA-COLA HBC AG-DI,2024-02-22,NGT6144,GBP,S01,LSE SETS,SWITZERLAND,CCH LN,BBG004HJRJ19,7605,75.0
LEGAL & GENERAL GROUP PLC,2024-02-22,NGT6144,GBP,S01,LSE SETS,GREAT-BRITAIN,LGEN LN,BBG000BDQCG6,119355,7.2
ALLEGION PLC,2024-02-22,NGT6144,USD,S01,N.Y.S.E.,IRELAND,ALLE UN,BBG004T9FH88,19335,393.33
RAKUTEN GROUP INC,2024-02-22,NGT6144,JPY,S01,TOKYO,JAPAN,4755 JT,BBG000CGWWJ4,171300,2301.9
LOGITECH INTERNATIONAL-REG,2024-02-22,NGT6144,CHF,S01,SIX Swiss Exchange,SWITZERLAND,LOGN SE,BBG003FBHSJ2,15900,229.26
FORTIVE CORP,2024-02-22,NGT6144,USD,S01,N.Y.S.E.,UNITED-STATES (U.S.A.),FTV UN,BBG00BLVZ282,326106,0.24
STERIS PLC,2024-02-22,NGT6144,USD,S01,N.Y.S.E.,IRELAND,STE UN,BBG00MS1B700,83283,1.56
TELE2 AB-B SHS,2024-02-22,NGT6144,SEK,S01,STOCKHOLM,SWEDEN,TEL2B SS,BBG000ND1YG2,36600,250.26
WW GRAINGER INC,2024-02-22,NGT6144,USD,S01,N.Y.S.E.,UNITED-STATES (U.S.A.),GWW UN,BBG000BKR342,3129,2823.12
COMPUTERSHARE LTD,2024-02-22,NGT6144,AUD,S01,AUSTRALIAN S.E.,AUSTRALIA,CPU AT,BBG000BKP1M8,30408,77.58
COCHLEAR LTD,2024-02-22,NGT6144,AUD,S01,AUSTRALIAN S.E.,AUSTRALIA,COH AT,BBG000FT0N80,7911,1023.21
BIOGEN INC,2024-02-22,NGT6144,USD,S01,NASDAQ (NMS NATIONAL MKT SYST),UNITED-STATES (U.S.A.),BIIB UW,BBG000C18861,6489,663.33
BALL CORP,2024-02-22,NGT6144,USD,S01,N.Y.S.E.,UNITED-STATES (U.S.A.),BALL UN,BBG000BDDPK6,5130,185.01
GRACO INC,2024-02-22,NGT6144,USD,S01,N.Y.S.E.,UNITED-STATES (U.S.A.),GGG UN,BBG000BK9XD6,37224,266.01
DANAHER CORP,2024-02-22,NGT6144,USD,S01,N.Y.S.E.,UNITED-STATES (U.S.A.),DHR UN,BBG000BH3LR0,24144,751.95
HILTON WORLDWIDE HOLDINGS IN,2024-02-22,NGT6144,USD,S01,N.Y.S.E.,UNITED-STATES (U.S.A.),HLT UN,BBG0058KMJP2,127542,0.45
PENTAIR PLC,2024-02-22,NGT6144,USD,S01,N.Y.S.E.,GREAT-BRITAIN,PNR UN,BBG000C223L9,36372,223.89
TIS INC,2024-02-22,NGT6144,JPY,S01,TOKYO,JAPAN,3626 JT,BBG000MYGXQ2,36000,10122.0
WOLTERS KLUWER,2024-02-22,NGT6144,EUR,S01,EURONEXT AMSTERDAM,NETHERLANDS,WKL NA,BBG000BCHRW7,5031,436.95
YAMAHA CORP,2024-02-22,NGT6144,JPY,S01,TOKYO,JAPAN,7951 JT,BBG000BDFSD6,17700,9537.0
ROCKWELL AUTOMATION INC,2024-02-22,NGT6144,USD,S01,N.Y.S.E.,UNITED-STATES (U.S.A.),ROK UN,BBG000BBCHL8,10611,823.89
EUROFINS SCIENTIFIC,2024-02-22,NGT6144,EUR,S01,EURONEXT PARIS,LUXEMBOURG,ERF FP,BBG000BH7B07,12921,172.2
DAVITA INC,2024-02-22,NGT6144,USD,S01,N.Y.S.E.,UNITED-STATES (U.S.A.),DVA UN,BBG000MQ1VX1,8025,362.67
TORONTO-DOMINION BANK,2024-02-22,NGT6144,CAD,S01,TSX Toronto Stock Exchange,CANADA,TD CT,BBG000BCRN55,60384,240.96
AMADEUS IT GROUP SA,2024-02-22,NGT6144,EUR,S01,SIBE MERCADO CONTINUO,SPAIN,AMS SQ,BBG000QSDZF1,12624,183.9
CENTENE CORP,2024-02-22,NGT6144,USD,S01,N.Y.S.E.,UNITED-STATES (U.S.A.),CNC UN,BBG000BDXFR9,17508,237.51
NITTO DENKO CORP,2024-02-22,NGT6144,JPY,S01,TOKYO,JAPAN,6988 JT,BBG000BGP940,10500,41640.0
CAPITALAND INVESTMENT LTD/SI,2024-02-22,NGT6144,SGD,S01,SINGAPORE,SINGAPORE,CLI SP,BBG01231SS06,573300,8.61
EXELON CORP,2024-02-22,NGT6144,USD,S01,NASDAQ (NMS NATIONAL MKT SYST),UNITED-STATES (U.S.A.),EXC UW,BBG000J6Y864,92142,108.63
PROGRESSIVE CORP,2024-02-22,NGT6144,USD,S01,N.Y.S.E.,UNITED-STATES (U.S.A.),PGR UN,BBG000BR39M0,21603,570.75
AXON ENTERPRISE INC,2024-02-22,NGT6144,USD,S01,NASDAQ (NMS NATIONAL MKT SYST),UNITED-STATES (U.S.A.),AXON UW,BBG000BHK5Z7,7308,791.19
ASSICURAZIONI GENERALI,2024-02-22,NGT6144,EUR,S01,EURONEXT MILAN,ITALY,G IM,BBG000BC1V91,7479,63.57
AUTODESK INC,2024-02-22,NGT6144,USD,S01,NASDAQ (NMS NATIONAL MKT SYST),UNITED-STATES (U.S.A.),ADSK UW,BBG000BM7TD3,18147,757.56
LAMB WESTON HOLDINGS INC,2024-02-22,NGT6144,USD,S01,N.Y.S.E.,UNITED-STATES (U.S.A.),LW UN,BBG00CZN9QJ7,15336,305.52
QUANTA SERVICES INC,2024-02-22,NGT6144,USD,S01,N.Y.S.E.,UNITED-STATES (U.S.A.),PWR UN,BBG000BBLBH6,9627,633.66
DSM-FIRMENICH AG,2024-02-22,NGT6144,EUR,S01,EURONEXT AMSTERDAM,SWITZERLAND,DSFIR NA,BBG01F6K3S63,6588,304.62
BROTHER INDUSTRIES LTD,2024-02-22,NGT6144,JPY,S01,TOKYO,JAPAN,6448 JT,BBG000BLR8N8,19800,7546.5
BOOKING HOLDINGS INC,2024-02-22,NGT6144,USD,S01,NASDAQ (NMS NATIONAL MKT SYST),UNITED-STATES (U.S.A.),BKNG UW,BBG000BLC4L5,864,11223.39
AGNICO EAGLE MINES LTD,2024-02-22,NGT6144,CAD,S01,TSX Toronto Stock Exchange,CANADA,AEM CT,BBG000CZ8QM8,48924,197.55
VAT GROUP AG,2024-02-22,NGT6144,CHF,S01,SIX Swiss Exchange,SWITZERLAND,VACN SE,BBG00CMBNV19,2565,1293.0
SWIRE PACIFIC LTD - CL A,2024-02-22,NGT6144,HKD,S01,HONG KONG,HONG KONG,19 HK,BBG000BF0315,87000,190.2
FUJITSU LIMITED,2024-02-22,NGT6144,JPY,S01,TOKYO,JAPAN,6702 JT,BBG000BGJXV4,9000,67800.0
ROBERT HALF INC,2024-02-22,NGT6144,USD,S01,N.Y.S.E.,UNITED-STATES (U.S.A.),RHI UN,BBG000BS5GM0,11445,240.0
T ROWE PRICE GROUP INC,2024-02-22,NGT6144,USD,S01,NASDAQ (NMS NATIONAL MKT SYST),UNITED-STATES (U.S.A.),TROW UW,BBG000BVMYQ1,19530,327.99
AZBIL CORP,2024-02-22,NGT6144,JPY,S01,TOKYO,JAPAN,6845 JT,BBG000BDD2G2,23700,13383.0
ILLINOIS TOOL WORKS,2024-02-22,NGT6144,USD,S01,N.Y.S.E.,UNITED-STATES (U.S.A.),ITW UN,BBG000BMBNV1,21873,774.15
ADIDAS AG,2024-02-22,NGT6144,EUR,S01,XETRA FRANKFURT,GERMANY,ADS GY,BBG000FR1RP5,1413,544.32
ASML HOLDING NV,2024-02-22,NGT6144,EUR,S01,EURONEXT AMSTERDAM,NETHERLANDS,ASML NA,BBG000C1HT47,11799,2502.0
FANUC CORP,2024-02-22,NGT6144,JPY,S01,TOKYO,JAPAN,6954 JT,BBG000BM3VX0,46500,12660.0
LIBERTY GLOBAL LTD-C,2024-02-22,NGT6144,USD,S01,NASDAQ (NMS NATIONAL MKT SYST),BERMUDA ISLANDS,LBTYK UW,BBG01K9KJ3B1,46461,55.83
HANG LUNG PROPERTIES LTD,2024-02-22,NGT6144,HKD,S01,HONG KONG,HONG KONG,101 HK,BBG000BDTCX4,369000,26.01
MOWI ASA,2024-02-22,NGT6144,NOK,S01,OSLO,NORWAY,MOWI NO,BBG000JDLY02,49746,609.0
KDDI CORP,2024-02-22,NGT6144,JPY,S01,TOKYO,JAPAN,9433 JT,BBG000BJ7JQ8,52500,13932.0
KNIGHT-SWIFT TRANSPORTATION,2024-02-22,NGT6144,USD,S01,N.Y.S.E.,UNITED-STATES (U.S.A.),KNX UN,BBG001BD46F2,25095,173.01
RENESAS ELECTRONICS CORP,2024-02-22,NGT6144,JPY,S01,TOKYO,JAPAN,6723 JT,BBG000MHQMZ2,162300,7287.0
MTR CORP,2024-02-22,NGT6144,HKD,S01,HONG KONG,HONG KONG,66 HK,BBG000MKLJD1,316500,79.65
JM SMUCKER CO/THE,2024-02-22,NGT6144,USD,S53,N.Y.S.E.,UNITED-STATES (U.S.A.),SJM UN,BBG000BT1984,18285,378.24
BANQUE CANTONALE VAUDOIS-REG,2024-02-22,NGT6144,CHF,S01,SIX Swiss Exchange,SWITZERLAND,BCVN SE,BBG000BD7RK9,2562,323.1
HANKYU HANSHIN HOLDINGS INC,2024-02-22,NGT6144,JPY,S01,TOKYO,JAPAN,9042 JT,BBG000BH01Q8,48300,12888.0
BEST BUY CO INC,2024-02-22,NGT6144,USD,S01,N.Y.S.E.,UNITED-STATES (U.S.A.),BBY UN,BBG000BCWFH3,9840,222.36
STOCKLAND,2024-02-22,NGT6144,AUD,S62,AUSTRALIAN S.E.,AUSTRALIA,SGP AT,BBG000BC2560,239511,13.83
NEC CORP,2024-02-22,NGT6144,JPY,S01,TOKYO,JAPAN,6701 JT,BBG000BGJN28,27300,29040.0
AIA GROUP LTD,2024-02-22,NGT6144,HKD,S01,HONG KONG,HONG KONG,1299 HK,BBG0016XR1Q8,270600,195.6
JOHNSON CONTROLS INTERNATION,2024-02-22,NGT6144,USD,S01,N.Y.S.E.,UNITED-STATES (U.S.A.),JCI UN,BBG000BVWMZ6,17148,173.4
KELLANOVA,2024-02-22,NGT6144,USD,S01,N.Y.S.E.,UNITED-STATES (U.S.A.),K UN,BBG000BMKH35,51390,169.35
VF CORP,2024-02-22,NGT6144,USD,S01,N.Y.S.E.,UNITED-STATES (U.S.A.),VFC UN,BBG000BWCLX0,19854,47.91
HIKMA PHARMACEUTICALS PLC,2024-02-22,NGT6144,GBP,S01,LSE SETS,GREAT-BRITAIN,HIK LN,BBG000FG1MF1,31872,59.925
STMICROELECTRONICS NV,2024-02-22,NGT6144,EUR,S01,EURONEXT MILAN,SWITZERLAND,STMMI IM,BBG000JWXD12,59496,122.985
ADP,2024-02-22,NGT6144,EUR,S01,EURONEXT PARIS,FRANCE,ADP FP,BBG000H292Q4,4212,389.4
ADVANTEST CORP,2024-02-22,NGT6144,JPY,S01,TOKYO,JAPAN,6857 JT,BBG000BGN078,76500,19782.0
LOREAL,2024-02-22,NGT6144,EUR,S01,EURONEXT PARIS,FRANCE,OR FP,BBG000BC98G6,9453,1333.65
UCB SA,2024-02-22,NGT6144,EUR,S01,EURONEXT BRUSSELS,BELGIUM,UCB BB,BBG000BD8CR4,16452,282.6
INGERSOLL-RAND INC,2024-02-22,NGT6144,USD,S01,N.Y.S.E.,UNITED-STATES (U.S.A.),IR UN,BBG00GK8PMC5,57888,266.82
LENNOX INTERNATIONAL INC,2024-02-22,NGT6144,USD,S01,N.Y.S.E.,UNITED-STATES (U.S.A.),LII UN,BBG000BB5D35,3522,1346.04
3I GROUP PLC,2024-02-22,NGT6144,GBP,S01,LSE SETS,GREAT-BRITAIN,III LN,BBG000BZZ876,46398,73.23
DSV A/S,2024-02-22,NGT6144,DKK,S01,COPENHAGEN,DENMARK,DSV DC,BBG000BSNXK5,5685,3385.5
CAPITALAND INTEGRATED COMMER,2024-02-22,NGT6144,SGD,S62,SINGAPORE,SINGAPORE,CICT SP,BBG000HR2RM5,1172700,5.85
KBC GROUP NV,2024-02-22,NGT6144,EUR,S01,EURONEXT BRUSSELS,BELGIUM,KBC BB,BBG000BMVX65,14829,187.74
TRANSURBAN GROUP,2024-02-22,NGT6144,AUD,S01,AUSTRALIAN S.E.,AUSTRALIA,TCL AT,BBG000BW7HV7,267177,39.42
HELLOFRESH SE,2024-02-22,NGT6144,EUR,S01,XETRA FRANKFURT,GERMANY,HFG GY,BBG00B9SRSF7,17346,36.285
TRACTOR SUPPLY COMPANY,2024-02-22,NGT6144,USD,S01,NASDAQ (NMS NATIONAL MKT SYST),UNITED-STATES (U.S.A.),TSCO UW,BBG000BLY8F9,8685,706.14
BRAMBLES LTD,2024-02-22,NGT6144,AUD,S01,AUSTRALIAN S.E.,AUSTRALIA,BXB AT,BBG000Q8XHP2,66648,45.75
EDP RENOVAVEIS SA,2024-02-22,NGT6144,EUR,S01,LISBON,SPAIN,EDPR PL,BBG000PRGX02,57666,41.265
MARSH & MCLENNAN COS,2024-02-22,NGT6144,USD,S01,N.Y.S.E.,UNITED-STATES (U.S.A.),MMC UN,BBG000BP4P74,27681,599.49
GIVAUDAN-REG,2024-02-22,NGT6144,CHF,S01,SIX Swiss Exchange,SWITZERLAND,GIVN SE,BBG00HCYH960,561,11193.0
MARTIN MARIETTA MATERIALS,2024-02-22,NGT6144,USD,S01,N.Y.S.E.,UNITED-STATES (U.S.A.),MLM UN,BBG000BGYPN3,8076,1608.9
DAYFORCE INC,2024-02-22,NGT6144,USD,S01,N.Y.S.E.,UNITED-STATES (U.S.A.),DAY UN,BBG00KG0HRN4,17835,209.73
MATSUKIYOCOCOKARA & CO,2024-02-22,NGT6144,JPY,S01,TOKYO,JAPAN,3088 JT,BBG000TBPHJ8,53400,7924.5
XYLEM INC,2024-02-22,NGT6144,USD,S01,N.Y.S.E.,UNITED-STATES (U.S.A.),XYL UN,BBG00256TDP9,19581,370.47
ELISA OYJ,2024-02-22,NGT6144,EUR,S01,HELSINKI,FINLAND,ELISA FH,BBG000F092P1,8007,127.95
WALT DISNEY CO/THE,2024-02-22,NGT6144,USD,S01,N.Y.S.E.,UNITED-STATES (U.S.A.),DIS UN,BBG000BH4SB1,41343,323.01
CRODA INTERNATIONAL PLC,2024-02-22,NGT6144,GBP,S01,LSE SETS,GREAT-BRITAIN,CRDA LN,BBG000BDCLS8,12024,147.18
DECKERS OUTDOOR CORP,2024-02-22,NGT6144,USD,S01,N.Y.S.E.,UNITED-STATES (U.S.A.),DECK UN,BBG000BKY175,2901,2584.98
TAKE-TWO INTERACTIVE SOFTWRE,2024-02-22,NGT6144,USD,S01,NASDAQ (NMS NATIONAL MKT SYST),UNITED-STATES (U.S.A.),TTWO UW,BBG000BS26J9,11403,453.33
SUMITOMO MITSUI FINANCIAL GR,2024-02-22,NGT6144,JPY,S01,TOKYO,JAPAN,8316 JT,BBG000PJ4F75,49200,24003.0
CENCORA INC,2024-02-22,NGT6144,USD,S01,N.Y.S.E.,UNITED-STATES (U.S.A.),COR UN,BBG000MDCSN6,8112,700.41
TRANE TECHNOLOGIES PLC,2024-02-22,NGT6144,USD,S01,N.Y.S.E.,UNITED-STATES (U.S.A.),TT UN,BBG000BM6966,11688,829.71
KESKO OYJ-B SHS,2024-02-22,NGT6144,EUR,S01,HELSINKI,FINLAND,KESKOB FH,BBG000BNP2B2,32760,53.34
DASSAULT SYSTEMES SE,2024-02-22,NGT6144,EUR,S01,EURONEXT PARIS,FRANCE,DSY FP,BBG000GVXC37,34413,128.235
QUEST DIAGNOSTICS INC,2024-02-22,NGT6144,USD,S01,N.Y.S.E.,UNITED-STATES (U.S.A.),DGX UN,BBG000BN85Z8,8598,380.19
KERING,2024-02-22,NGT6144,EUR,S01,EURONEXT PARIS,FRANCE,KER FP,BBG000BCB150,2139,1289.1
CME GROUP INC,2024-02-22,NGT6144,USD,S01,NASDAQ (NMS NATIONAL MKT SYST),UNITED-STATES (U.S.A.),CME UW,BBG000BHMC53,13818,645.0
LEG IMMOBILIEN SE,2024-02-22,NGT6144,EUR,S01,XETRA FRANKFURT,GERMANY,LEG GY,BBG003T0P9H6,7449,209.88
AMPLIFON SPA,2024-02-22,NGT6144,EUR,S01,EURONEXT MILAN,ITALY,AMP IM,BBG000FZG9K6,22191,94.38
ELIA GROUP SA/NV,2024-02-22,NGT6144,EUR,S01,EURONEXT BRUSSELS,BELGIUM,ELI BB,BBG000KR9Z28,5994,309.0
DOVER CORP,2024-02-22,NGT6144,USD,S01,N.Y.S.E.,UNITED-STATES (U.S.A.),DOV UN,BBG000BHB4Z0,25404,481.17
IDEX CORP,2024-02-22,NGT6144,USD,S01,N.Y.S.E.,UNITED-STATES (U.S.A.),IEX UN,BBG000C1HPK7,16653,700.29
DARLING INGREDIENTS INC,2024-02-22,NGT6144,USD,S01,N.Y.S.E.,UNITED-STATES (U.S.A.),DAR UN,BBG000BN91F8,15396,126.48
NOMURA RESEARCH INSTITUTE LT,2024-02-22,NGT6144,JPY,S01,TOKYO,JAPAN,4307 JT,BBG000KPFN13,59700,12213.0
CAN APARTMENT PROP REAL ESTA,2024-02-22,NGT6144,CAD,S62,TSX Toronto Stock Exchange,CANADA,CAR-U CT,BBG000BGHK26,16731,150.9
SEGRO PLC,2024-02-22,NGT6144,GBP,S62,LSE SETS,GREAT-BRITAIN,SGRO LN,BBG000BF1HY7,117012,26.04
SCHNEIDER ELECTRIC SE,2024-02-22,NGT6144,EUR,S01,EURONEXT PARIS,FRANCE,SU FP,BBG000BBWCH2,18162,607.5
HANG SENG BANK LTD,2024-02-22,NGT6144,HKD,S01,HONG KONG,HONG KONG,11 HK,BBG000BDWBR9,58800,267.9
CBRE GROUP INC - A,2024-02-22,NGT6144,USD,S01,N.Y.S.E.,UNITED-STATES (U.S.A.),CBRE UN,BBG000C043Q6,22368,271.38
HOLOGIC INC,2024-02-22,NGT6144,USD,S01,NASDAQ (NMS NATIONAL MKT SYST),UNITED-STATES (U.S.A.),HOLX UW,BBG000C3P591,34533,227.46
BANK OF NEW YORK MELLON CORP,2024-02-22,NGT6144,USD,S01,N.Y.S.E.,UNITED-STATES (U.S.A.),BK UN,BBG000BD8QV8,63303,165.36
JAMES HARDIE INDUSTRIES-CDI,2024-02-22,NGT6144,AUD,S39,AUSTRALIAN S.E.,IRELAND,JHX AT,BBG000D01958,18870,171.39
GENMAB A/S,2024-02-22,NGT6144,DKK,S01,COPENHAGEN,DENMARK,GMAB DC,BBG000BKPC99,1938,5976.0
EBOS GROUP LTD,2024-02-22,NGT6144,NZD,S01,NEW ZEALAND,NEW-ZEALAND,EBO NZ,BBG000BQ6YD4,3159,109.2
HCA HEALTHCARE INC,2024-02-22,NGT6144,USD,S01,N.Y.S.E.,UNITED-STATES (U.S.A.),HCA UN,BBG000QW7X64,6627,934.86
AEON CO LTD,2024-02-22,NGT6144,JPY,S01,TOKYO,JAPAN,8267 JT,BBG000BN0FT1,51600,10695.0
KIKKOMAN CORP,2024-02-22,NGT6144,JPY,S01,TOKYO,JAPAN,2801 JT,BBG000BJ8B93,14700,27729.0
SWISS RE AG,2024-02-22,NGT6144,CHF,S01,SIX Swiss Exchange,SWITZERLAND,SREN SE,BBG00HCYV7Y7,15486,305.7
TRUIST FINANCIAL CORP,2024-02-22,NGT6144,USD,S01,N.Y.S.E.,UNITED-STATES (U.S.A.),TFC UN,BBG000BYYNN9,53754,107.31
VONOVIA SE,2024-02-22,NGT6144,EUR,S01,XETRA FRANKFURT,GERMANY,VNA GY,BBG004C6MBZ7,35292,79.2
INTACT FINANCIAL CORP,2024-02-22,NGT6144,CAD,S01,TSX Toronto Stock Exchange,CANADA,IFC CT,BBG000QDQ5G5,15312,678.69
ORKLA ASA,2024-02-22,NGT6144,NOK,S01,OSLO,NORWAY,ORK NO,BBG000BDCCC5,61458,227.52
CAPITALAND ASCENDAS REIT,2024-02-22,NGT6144,SGD,S62,SINGAPORE,SINGAPORE,CLAR SP,BBG000PFLWB2,822300,8.25
IBIDEN CO LTD,2024-02-22,NGT6144,JPY,S01,TOKYO,JAPAN,4062 JT,BBG000BG1XQ9,24600,22077.0
TOKIO MARINE HOLDINGS INC,2024-02-22,NGT6144,JPY,S01,TOKYO,JAPAN,8766 JT,BBG000BBN7R2,50700,12963.0
ABRDN PLC,2024-02-22,NGT6144,GBP,S01,LSE SETS,GREAT-BRITAIN,ABDN LN,BBG000N2C023,78942,4.9095
ZIMMER BIOMET HOLDINGS INC,2024-02-22,NGT6144,USD,S01,N.Y.S.E.,UNITED-STATES (U.S.A.),ZBH UN,BBG000BKPMZ8,29928,385.05
HOYA CORP,2024-02-22,NGT6144,JPY,S01,TOKYO,JAPAN,7741 JT,BBG000BGSJK7,18300,55185.0
SECOM CO LTD,2024-02-22,NGT6144,JPY,S01,TOKYO,JAPAN,9735 JT,BBG000BNHGG5,5100,32850.0
HERMES INTERNATIONAL,2024-02-22,NGT6144,EUR,S01,EURONEXT PARIS,FRANCE,RMS FP,BBG000BDYY97,1464,6685.5
NORTHERN STAR RESOURCES LTD,2024-02-22,NGT6144,AUD,S01,AUSTRALIAN S.E.,AUSTRALIA,NST AT,BBG000C82PJ0,48645,39.51
WORKDAY INC-CLASS A,2024-02-22,NGT6144,USD,S01,NASDAQ (NMS NATIONAL MKT SYST),UNITED-STATES (U.S.A.),WDAY UW,BBG003BW0FC3,14919,896.88
SUN LIFE FINANCIAL INC,2024-02-22,NGT6144,CAD,S01,TSX Toronto Stock Exchange,CANADA,SLF CT,BBG000LS69L5,15525,217.59
DEMANT A/S,2024-02-22,NGT6144,DKK,S01,COPENHAGEN,DENMARK,DEMANT DC,BBG000J940M0,13884,1095.0
SOFTBANK CORP,2024-02-22,NGT6144,JPY,S01,TOKYO,JAPAN,9434 JT,BBG00MJLX9M4,135600,5919.0
ACCIONA SA,2024-02-22,NGT6144,EUR,S01,SIBE MERCADO CONTINUO,SPAIN,ANA SQ,BBG000BMJFV0,2421,323.7
US BANCORP,2024-02-22,NGT6144,USD,S01,N.Y.S.E.,UNITED-STATES (U.S.A.),USB UN,BBG000FFFQT4,40569,122.46
AVANTOR INC,2024-02-22,NGT6144,USD,S01,N.Y.S.E.,UNITED-STATES (U.S.A.),AVTR UN,BBG00N9SDKZ1,76761,73.23
SYNCHRONY FINANCIAL,2024-02-22,NGT6144,USD,S01,N.Y.S.E.,UNITED-STATES (U.S.A.),SYF UN,BBG00658F3W5,34041,118.98
STATE STREET CORP,2024-02-22,NGT6144,USD,S01,N.Y.S.E.,UNITED-STATES (U.S.A.),STT UN,BBG000BKFCH1,23358,216.45
INFORMA PLC,2024-02-22,NGT6144,GBP,S01,LSE SETS,GREAT-BRITAIN,INF LN,BBG000BLHQP7,111528,24.576
TELUS CORP,2024-02-22,NGT6144,CAD,S01,TSX Toronto Stock Exchange,CANADA,T CT,BBG000BZYZZ6,99621,72.6
KONINKLIJKE AHOLD DELHAIZE N,2024-02-22,NGT6144,EUR,S01,EURONEXT AMSTERDAM,NETHERLANDS,AD NA,BBG000BBBC58,44202,82.995
MERCURY NZ LTD,2024-02-22,NGT6144,NZD,S01,NEW ZEALAND,NEW-ZEALAND,MCY NZ,BBG004J7PMT8,116094,20.67
OWENS CORNING,2024-02-22,NGT6144,USD,S01,N.Y.S.E.,UNITED-STATES (U.S.A.),OC UN,BBG000M44Y70,8868,431.01
STEEL DYNAMICS INC,2024-02-22,NGT6144,USD,S01,NASDAQ (NMS NATIONAL MKT SYST),UNITED-STATES (U.S.A.),STLD UW,BBG000HH03N1,8490,366.15
ZURICH INSURANCE GROUP AG,2024-02-22,NGT6144,CHF,S01,SIX Swiss Exchange,SWITZERLAND,ZURN SE,BBG00HCYVMX5,2616,1341.3
LY CORP,2024-02-22,NGT6144,JPY,S01,TOKYO,JAPAN,4689 JT,BBG000BV9F96,260100,1269.6
ORIENTAL LAND CO LTD,2024-02-22,NGT6144,JPY,S01,TOKYO,JAPAN,4661 JT,BBG000HPZ220,33300,16155.0
ZALANDO SE,2024-02-22,NGT6144,EUR,S01,XETRA FRANKFURT,GERMANY,ZAL GY,BBG0072HKSY3,10143,58.5
FOX CORP - CLASS B,2024-02-22,NGT6144,USD,S01,NASDAQ (NMS NATIONAL MKT SYST),UNITED-STATES (U.S.A.),FOX UW,BBG00JHNKKJ2,28806,82.38
UNITED UTILITIES GROUP PLC,2024-02-22,NGT6144,GBP,S01,LSE SETS,GREAT-BRITAIN,UU/ LN,BBG000BBFLV5,101151,31.56
